1,sales,327814032000/4986792881682899
2,bones,227449999296/4986792881682899
3,tones,219025925248/4986792881682899
4,tales,194815196160/4986792881682899
5,fares,180356255820/4986792881682899
6,lanes,162970404480/4986792881682899
7,seats,159588947700/4986792881682899
8,shoes,157745656250/4986792881682899
9,tries,156063912576/4986792881682899
10,sites,154850559500/4986792881682899
11,tires,153814008816/4986792881682899
12,sorts,145137774600/4986792881682899
13,males,142364951040/4986792881682899
14,boats,130911082848/4986792881682899
15,saves,126344991500/4986792881682899
16,tiles,126206366208/4986792881682899
17,trees,125324051008/4986792881682899
18,fires,116839487466/4986792881682899
19,coins,116559835392/4986792881682899
20,mines,111441839392/4986792881682899
21,beans,109544087016/4986792881682899
22,lines,105576479424/4986792881682899
23,cases,104900490240/4986792881682899
24,wales,103027267200/4986792881682899
25,roles,102831800448/4986792881682899
26,bases,101154044160/4986792881682899
27,beats,98489179152/4986792881682899
28,loans,97070122656/4986792881682899
29,files,95868297408/4986792881682899
30,boots,95695236000/4986792881682899
31,dates,95612426000/4986792881682899
32,sides,92910335700/4986792881682899
33,miles,92227729152/4986792881682899
34,bears,91454237784/4986792881682899
35,tears,88067043792/4986792881682899
36,trans,87796549152/4986792881682899
37,tools,86509072000/4986792881682899
38,carey,85483812960/4986792881682899
39,codes,85402681728/4986792881682899
40,sells,84108460800/4986792881682899
41,tunes,83925821824/4986792881682899
42,wires,81343946970/4986792881682899
43,wines,80648699560/4986792881682899
44,rates,80587616200/4986792881682899
45,comes,79302490176/4986792881682899
46,means,77086579752/4986792881682899
47,calls,76899164160/4986792881682899
48,souls,76859983200/4986792881682899
49,holes,74945210496/4986792881682899
50,fails,74581890240/4986792881682899
51,genes,74468420936/4986792881682899
52,balls,74152765440/4986792881682899
53,pairs,73771217520/4986792881682899
54,mails,71749666560/4986792881682899
55,tions,71362954000/4986792881682899
56,paris,70417980360/4986792881682899
57,parts,70417980360/4986792881682899
58,pants,69816117280/4986792881682899
59,slots,69560400000/4986792881682899
60,cents,69285868288/4986792881682899
61,sends,68490494800/4986792881682899
62,fears,66897081342/4986792881682899
63,moses,66230651136/4986792881682899
64,pools,65713622000/4986792881682899
65,ports,65519338248/4986792881682899
66,teens,65389539488/4986792881682899
67,meals,65063902176/4986792881682899
68,fonts,64959343904/4986792881682899
69,pages,64743271320/4986792881682899
70,gates,64196914600/4986792881682899
71,cards,63159707520/4986792881682899
72,saint,63123753000/4986792881682899
73,suits,62743480800/4986792881682899
74,seeds,62586141800/4986792881682899
75,beads,62309480688/4986792881682899
76,shots,61589937500/4986792881682899
77,spies,60752491800/4986792881682899
78,bands,60383456640/4986792881682899
79,toner,60264529728/4986792881682899
80,deals,59927278320/4986792881682899
81,bored,59728249152/4986792881682899
82,faces,58577245480/4986792881682899
83,brass,58551685920/4986792881682899
84,blues,58053625344/4986792881682899
85,modes,57951819744/4986792881682899
86,doors,57594355000/4986792881682899
87,babes,56899149840/4986792881682899
88,bonds,56182868352/4986792881682899
89,belts,55292170752/4986792881682899
90,loads,55214198208/4986792881682899
91,falls,54241374720/4986792881682899
92,cells,53829414912/4986792881682899
93,money,53510316512/4986792881682899
94,goals,53482570128/4986792881682899
95,tapes,52762448960/4986792881682899
96,gains,52570586640/4986792881682899
97,roots,52277953000/4986792881682899
98,three,51920856000/4986792881682899
99,roses,51415900224/4986792881682899
100,times,51271336272/4986792881682899
101,moves,51052793584/4986792881682899
102,polls,50468061696/4986792881682899
103,maine,50300448000/4986792881682899
104,thats,50071563360/4986792881682899
105,tells,49984456704/4986792881682899
106,songs,49923546400/4986792881682899
107,lions,49405122000/4986792881682899
108,penis,48871282096/4986792881682899
109,wants,48606157600/4986792881682899
110,jones,48438425776/4986792881682899
111,loves,48365804448/4986792881682899
112,bills,48038095872/4986792881682899
113,plans,47779063488/4986792881682899
114,since,46580380000/4986792881682899
115,share,46293975000/4986792881682899
116,sense,45756200000/4986792881682899
117,roads,45244967976/4986792881682899
118,tours,45180303168/4986792881682899
119,wages,45074429400/4986792881682899
120,sorry,45056506950/4986792881682899
121,dolls,44718535680/4986792881682899
122,cross,44386160000/4986792881682899
123,foods,44285267000/4986792881682899
124,races,43747563080/4986792881682899
125,class,43501086720/4986792881682899
126,sheet,43138303250/4986792881682899
127,meets,42962357984/4986792881682899
128,shine,42804300000/4986792881682899
129,seeks,42397063800/4986792881682899
130,feels,41924062544/4986792881682899
131,leads,41539653792/4986792881682899
132,cakes,41523110720/4986792881682899
133,peers,41468366212/4986792881682899
134,books,41012244000/4986792881682899
135,sauce,40910100000/4986792881682899
136,banks,40904922240/4986792881682899
137,tried,40632024576/4986792881682899
138,signs,40347516300/4986792881682899
139,lands,40255637760/4986792881682899
140,sally,40170144000/4986792881682899
141,marie,40085136000/4986792881682899
142,tired,40046250816/4986792881682899
143,waves,39708425900/4986792881682899
144,basis,39494407680/4986792881682899
145,birds,39455202384/4986792881682899
146,rules,39402839424/4986792881682899
147,tanks,39389925120/4986792881682899
148,diane,38880954000/4986792881682899
149,takes,38557174240/4986792881682899
150,burns,38173911984/4986792881682899
151,costs,38107969536/4986792881682899
152,walls,37762982400/4986792881682899
153,rolls,37691337216/4986792881682899
154,seems,37349794300/4986792881682899
155,suite,37126320000/4986792881682899
156,moore,37000600000/4986792881682899
157,monte,36977830400/4986792881682899
158,chris,36894836160/4986792881682899
159,chaos,36865876320/4986792881682899
160,sheer,36806075250/4986792881682899
161,turns,36760063392/4986792881682899
162,sluts,36727891200/4986792881682899
163,trace,36699062400/4986792881682899
164,buses,36063615744/4986792881682899
165,teams,35807479344/4986792881682899
166,games,35766852420/4986792881682899
167,pills,35138977536/4986792881682899
168,casey,35070282240/4986792881682899
169,saver,34763562750/4986792881682899
170,stats,34693249500/4986792881682899
171,notes,34313577480/4986792881682899
172,reads,34039438524/4986792881682899
173,breed,33883698816/4986792881682899
174,shore,33840625000/4986792881682899
175,mills,33804585984/4986792881682899
176,louis,33684723072/4986792881682899
177,lives,33675256368/4986792881682899
178,peace,33494214600/4986792881682899
179,panel,33329376360/4986792881682899
180,areas,33328208784/4986792881682899
181,saved,32894554000/4986792881682899
182,sandy,32711014000/4986792881682899
183,talks,32598558720/4986792881682899
184,stars,32215160250/4986792881682899
185,booty,31992786000/4986792881682899
186,board,31648833216/4986792881682899
187,leone,31588200000/4986792881682899
188,shade,31540950000/4986792881682899
189,plots,31401552000/4986792881682899
190,rides,31324056036/4986792881682899
191,coast,31271768640/4986792881682899
192,solid,31005004800/4986792881682899
193,carry,30992139360/4986792881682899
194,woods,30831515000/4986792881682899
195,belle,30714163200/4986792881682899
196,force,30461230800/4986792881682899
197,homes,30446491764/4986792881682899
198,fired,30419748216/4986792881682899
199,honey,30275573816/4986792881682899
200,salad,30262848000/4986792881682899
201,parks,30179134440/4986792881682899
202,bonus,29903784768/4986792881682899
203,barry,29885277240/4986792881682899
204,solar,29757470400/4986792881682899
205,alias,29733530112/4986792881682899
206,lance,29582784000/4986792881682899
207,trade,29549894400/4986792881682899
208,watts,29331302000/4986792881682899
209,clone,29299200000/4986792881682899
210,votes,29230084520/4986792881682899
211,marks,29033091360/4986792881682899
212,words,28858298040/4986792881682899
213,dance,28761040000/4986792881682899
214,finds,28614076816/4986792881682899
215,paint,28495865640/4986792881682899
216,taxes,28410549440/4986792881682899
217,plane,28271635200/4986792881682899
218,feeds,28253172584/4986792881682899
219,makes,28176396560/4986792881682899
220,lease,27751248000/4986792881682899
221,minds,27527466304/4986792881682899
222,slide,27498240000/4986792881682899
223,lined,27487367424/4986792881682899
224,boxes,27450861984/4986792881682899
225,dried,27348478080/4986792881682899
226,looks,27341496000/4986792881682899
227,later,27059205600/4986792881682899
228,loose,26964000000/4986792881682899
229,posts,26879728512/4986792881682899
230,fotos,26799729320/4986792881682899
231,lakes,26693428320/4986792881682899
232,tests,26622156288/4986792881682899
233,farms,26586380340/4986792881682899
234,press,26549264560/4986792881682899
235,corps,26539478784/4986792881682899
236,point,26513544552/4986792881682899
237,whats,26480153700/4986792881682899
238,wells,26434087680/4986792881682899
239,sarah,26404764750/4986792881682899
240,goods,26346931000/4986792881682899
241,based,26335964160/4986792881682899
242,silly,26023267200/4986792881682899
243,bless,26002529280/4986792881682899
244,pipes,25964330548/4986792881682899
245,bikes,25939048824/4986792881682899
246,cited,25802318080/4986792881682899
247,leeds,25749726912/4986792881682899
248,wives,25724154170/4986792881682899
249,nails,25490013120/4986792881682899
250,grass,25480826280/4986792881682899
251,girls,25478538696/4986792881682899
252,plate,25418534400/4986792881682899
253,raise,25077360000/4986792881682899
254,filed,24959793408/4986792881682899
255,dated,24893176000/4986792881682899
256,meant,24859281636/4986792881682899
257,heads,24808404348/4986792881682899
258,forms,24736893012/4986792881682899
259,fairy,24663158520/4986792881682899
260,hints,24618154288/4986792881682899
261,terms,24499854288/4986792881682899
262,false,24420480000/4986792881682899
263,craps,24288106752/4986792881682899
264,hands,24041561440/4986792881682899
265,joins,23936394768/4986792881682899
266,chess,23875779200/4986792881682899
267,cause,23802240000/4986792881682899
268,brand,23737437504/4986792881682899
269,sound,23708546400/4986792881682899
270,bride,23687769600/4986792881682899
271,party,23542105860/4986792881682899
272,dress,23524664800/4986792881682899
273,santa,23335662000/4986792881682899
274,jeans,23328833346/4986792881682899
275,chile,23122176000/4986792881682899
276,tuner,23092016064/4986792881682899
277,folks,23039767296/4986792881682899
278,danny,23003229200/4986792881682899
279,facts,22870797040/4986792881682899
280,chase,22790880000/4986792881682899
281,fence,22721221600/4986792881682899
282,beast,22686645240/4986792881682899
283,satin,22641430000/4986792881682899
284,taste,22503936000/4986792881682899
285,spots,22462212500/4986792881682899
286,poems,22411202216/4986792881682899
287,ranks,22346207520/4986792881682899
288,wiley,22313739360/4986792881682899
289,daily,22093579200/4986792881682899
290,boost,22043070000/4986792881682899
291,fleet,21994009536/4986792881682899
292,blade,21984307200/4986792881682899
293,gives,21982459018/4986792881682899
294,forty,21904394148/4986792881682899
295,dairy,21853431600/4986792881682899
296,price,21519220800/4986792881682899
297,seven,21456220450/4986792881682899
298,shake,21366450000/4986792881682899
299,salon,21228816000/4986792881682899
300,const,21213597440/4986792881682899
301,wired,21178305720/4986792881682899
302,rated,20981391200/4986792881682899
303,candy,20935048960/4986792881682899
304,berry,20919694068/4986792881682899
305,brake,20787580800/4986792881682899
306,peter,20782973190/4986792881682899
307,tracy,20734970256/4986792881682899
308,cover,20700945888/4986792881682899
309,water,20670226500/4986792881682899
310,nodes,20588146488/4986792881682899
311,names,20546915220/4986792881682899
312,butts,20534230080/4986792881682899
313,state,20528550000/4986792881682899
314,boobs,20506122000/4986792881682899
315,sunny,20502878200/4986792881682899
316,alone,20404800000/4986792881682899
317,alien,20343578112/4986792881682899
318,hopes,20297661176/4986792881682899
319,socks,20202327600/4986792881682899
320,terry,20144890584/4986792881682899
321,tract,20000989008/4986792881682899
322,meter,19993746360/4986792881682899
323,place,19971705600/4986792881682899
324,title,19958848000/4986792881682899
325,larry,19923518160/4986792881682899
326,winds,19921192720/4986792881682899
327,brain,19886785632/4986792881682899
328,coach,19881959328/4986792881682899
329,rooms,19737594500/4986792881682899
330,davis,19731966800/4986792881682899
331,works,19549169640/4986792881682899
332,tubes,19534458528/4986792881682899
333,shirt,19475956500/4986792881682899
334,dealt,19325660760/4986792881682899
335,arise,19315296000/4986792881682899
336,worse,19279260000/4986792881682899
337,piece,19214980400/4986792881682899
338,train,19150238016/4986792881682899
339,hills,19126278912/4986792881682899
340,write,19067664000/4986792881682899
341,shame,18822825000/4986792881682899
342,close,18816000000/4986792881682899
343,count,18794411328/4986792881682899
344,hours,18680317656/4986792881682899
345,gross,18626335000/4986792881682899
346,ships,18582564000/4986792881682899
347,laser,18554883840/4986792881682899
348,holds,18512362752/4986792881682899
349,colin,18490257408/4986792881682899
350,short,18443140625/4986792881682899
351,diary,18340038990/4986792881682899
352,fancy,18339271720/4986792881682899
353,dense,18302480000/4986792881682899
354,phone,18298375000/4986792881682899
355,glass,18254920320/4986792881682899
356,loops,18227664000/4986792881682899
357,penny,18172551068/4986792881682899
358,wrote,18056500000/4986792881682899
359,motel,18002784240/4986792881682899
360,booth,17836686000/4986792881682899
361,crops,17754464000/4986792881682899
362,links,17666183808/4986792881682899
363,shops,17597125000/4986792881682899
364,james,17502927780/4986792881682899
365,salem,17457552000/4986792881682899
366,trips,17409520128/4986792881682899
367,belly,17353502208/4986792881682899
368,pride,17327164800/4986792881682899
369,likes,17292699216/4986792881682899
370,walks,17239622400/4986792881682899
371,firms,17223350742/4986792881682899
372,tooth,17176068000/4986792881682899
373,paste,17094336000/4986792881682899
374,lists,17057005056/4986792881682899
375,there,17054128000/4986792881682899
376,spare,16883685000/4986792881682899
377,daisy,16810332000/4986792881682899
378,janet,16788576760/4986792881682899
379,canal,16754613120/4986792881682899
380,stone,16690625000/4986792881682899
381,chose,16660000000/4986792881682899
382,print,16601939112/4986792881682899
383,grace,16585153200/4986792881682899
384,hired,16557584472/4986792881682899
385,canon,16416951040/4986792881682899
386,route,16332993600/4986792881682899
387,tasks,16299279360/4986792881682899
388,blair,16158465792/4986792881682899
389,chart,16147338480/4986792881682899
390,phase,16075710000/4986792881682899
391,billy,16060073472/4986792881682899
392,genre,15975450400/4986792881682899
393,creek,15972113920/4986792881682899
394,camel,15886372320/4986792881682899
395,menus,15831719904/4986792881682899
396,funds,15747344288/4986792881682899
397,coral,15723463392/4986792881682899
398,front,15721533250/4986792881682899
399,court,15690747072/4986792881682899
400,spine,15610980000/4986792881682899
401,those,15470000000/4986792881682899
402,plant,15408041184/4986792881682899
403,ferry,15302368809/4986792881682899
404,perry,15302368809/4986792881682899
405,merit,15292479384/4986792881682899
406,south,15260275800/4986792881682899
407,faced,15250880480/4986792881682899
408,alice,15221606400/4986792881682899
409,broke,15195600000/4986792881682899
410,tiger,15192371376/4986792881682899
411,least,15124430160/4986792881682899
412,horse,15072876000/4986792881682899
413,mouse,15027936000/4986792881682899
414,specs,14966251300/4986792881682899
415,flags,14903561088/4986792881682899
416,blogs,14893632000/4986792881682899
417,blake,14892595200/4986792881682899
418,chair,14836862880/4986792881682899
419,faith,14807968560/4986792881682899
420,allen,14795329536/4986792881682899
421,learn,14791415184/4986792881682899
422,shall,14742850500/4986792881682899
423,merry,14721266196/4986792881682899
424,trail,14712987744/4986792881682899
425,whale,14709420000/4986792881682899
426,bruce,14709340800/4986792881682899
427,crime,14659814400/4986792881682899
428,logos,14655041856/4986792881682899
429,minus,14651715936/4986792881682899
430,bound,14631560064/4986792881682899
431,hosts,14630738304/4986792881682899
432,beach,14423711148/4986792881682899
433,solve,14380800000/4986792881682899
434,color,14337082368/4986792881682899
435,treat,14330472416/4986792881682899
436,laden,14315192640/4986792881682899
437,space,14286195000/4986792881682899
438,shape,14244300000/4986792881682899
439,giant,14227651953/4986792881682899
440,trend,14169455872/4986792881682899
441,broad,14168088000/4986792881682899
442,worry,14160616470/4986792881682899
443,films,14131980096/4986792881682899
444,timer,14107201992/4986792881682899
445,fatty,14085020600/4986792881682899
446,fixes,13980793372/4986792881682899
447,brian,13941398592/4986792881682899
448,store,13934375000/4986792881682899
449,teach,13889499624/4986792881682899
450,green,13740296216/4986792881682899
451,helen,13678961856/4986792881682899
452,shoot,13579015625/4986792881682899
453,cindy,13562270848/4986792881682899
454,rally,13543077120/4986792881682899
455,blast,13527440640/4986792881682899
456,dirty,13513712940/4986792881682899
457,betty,13478829840/4986792881682899
458,grams,13468436748/4986792881682899
459,forge,13450413600/4986792881682899
460,polar,13433372352/4986792881682899
461,clips,13431914496/4986792881682899
462,hairy,13424250840/4986792881682899
463,frame,13395524400/4986792881682899
464,grade,13354279200/4986792881682899
465,weeks,13324791480/4986792881682899
466,lover,13307750928/4986792881682899
467,moved,13291851584/4986792881682899
468,sizes,13272905100/4986792881682899
469,horny,13260900978/4986792881682899
470,derek,13238643600/4986792881682899
471,serve,13185900000/4986792881682899
472,large,13175136000/4986792881682899
473,acres,13161936996/4986792881682899
474,blind,13127380992/4986792881682899
475,blame,13119667200/4986792881682899
476,these,13118560000/4986792881682899
477,chain,13081965120/4986792881682899
478,discs,13029656640/4986792881682899
479,dover,12938091180/4986792881682899
480,cocks,12929489664/4986792881682899
481,drain,12889583280/4986792881682899
482,could,12806965248/4986792881682899
483,cable,12797568000/4986792881682899
484,grant,12795337998/4986792881682899
485,mount,12753350544/4986792881682899
486,karen,12738817260/4986792881682899
487,carol,12721756320/4986792881682899
488,speed,12701704400/4986792881682899
489,bunny,12653204832/4986792881682899
490,colon,12641298432/4986792881682899
491,manor,12634474080/4986792881682899
492,loved,12592280448/4986792881682899
493,hayes,12585717300/4986792881682899
494,reset,12474390768/4986792881682899
495,pearl,12468982617/4986792881682899
496,mercy,12456456012/4986792881682899
497,blond,12431232000/4986792881682899
498,roger,12378606156/4986792881682899
499,hence,12367247200/4986792881682899
500,array,12298544388/4986792881682899
501,crude,12282547200/4986792881682899
502,alter,12235466880/4986792881682899
503,forth,12212184348/4986792881682899
504,ellis,12210831360/4986792881682899
505,crest,12138170240/4986792881682899
506,white,12095160000/4986792881682899
507,lotus,12030258240/4986792881682899
508,fault,12025778160/4986792881682899
509,bread,12014538624/4986792881682899
510,waste,11901120000/4986792881682899
511,harry,11898767790/4986792881682899
512,death,11898347580/4986792881682899
513,chips,11892840960/4986792881682899
514,table,11883456000/4986792881682899
515,movie,11794652800/4986792881682899
516,slope,11760000000/4986792881682899
517,heart,11742439527/4986792881682899
518,built,11722651776/4986792881682899
519,rings,11719035952/4986792881682899
520,month,11648016576/4986792881682899
521,birth,11624184936/4986792881682899
522,aaron,11531796120/4986792881682899
523,slave,11491200000/4986792881682899
524,surge,11416860000/4986792881682899
525,ready,11380048974/4986792881682899
526,while,11354640000/4986792881682899
527,crash,11317682880/4986792881682899
528,early,11190254400/4986792881682899
529,baths,11166573600/4986792881682899
530,world,11148920640/4986792881682899
531,drops,11096540000/4986792881682899
532,randy,11028284720/4986792881682899
533,spice,11027940000/4986792881682899
534,paper,11027700060/4986792881682899
535,baker,11016962280/4986792881682899
536,fever,10985285829/4986792881682899
537,teeth,10958010336/4986792881682899
538,wings,10924525040/4986792881682899
539,rover,10904962566/4986792881682899
540,delay,10880869440/4986792881682899
541,badly,10845938880/4986792881682899
542,choir,10845660000/4986792881682899
543,donor,10827484080/4986792881682899
544,model,10801670544/4986792881682899
545,whole,10752500000/4986792881682899
546,range,10704016000/4986792881682899
547,found,10702715232/4986792881682899
548,pound,10702715232/4986792881682899
549,noise,10677744000/4986792881682899
550,moral,10669493016/4986792881682899
551,whore,10635625000/4986792881682899
552,purse,10610964000/4986792881682899
553,blend,10541684736/4986792881682899
554,trash,10509276960/4986792881682899
555,first,10508089410/4986792881682899
556,worst,10507196700/4986792881682899
557,plain,10421599104/4986792881682899
558,start,10388912625/4986792881682899
559,prime,10340404800/4986792881682899
560,grand,10330181136/4986792881682899
561,trial,10314368064/4986792881682899
562,steel,10266590250/4986792881682899
563,carlo,10259383680/4986792881682899
564,ruled,10258727424/4986792881682899
565,kills,10230335232/4986792881682899
566,maria,10221709680/4986792881682899
567,hotel,10185785820/4986792881682899
568,child,10173757440/4986792881682899
569,autos,10139067120/4986792881682899
570,field,10101589696/4986792881682899
571,frost,10096397500/4986792881682899
572,stand,10046421000/4986792881682899
573,aimed,10011562704/4986792881682899
574,voice,10005441600/4986792881682899
575,elite,9934848000/4986792881682899
576,march,9921071160/4986792881682899
577,diana,9914643270/4986792881682899
578,brave,9898848000/4986792881682899
579,packs,9801770160/4986792881682899
580,cheat,9789473120/4986792881682899
581,bench,9784505808/4986792881682899
582,merge,9734961600/4986792881682899
583,guess,9665677840/4986792881682899
584,donna,9659763120/4986792881682899
585,needs,9656147592/4986792881682899
586,flame,9596793600/4986792881682899
587,basin,9581483520/4986792881682899
588,truly,9561991296/4986792881682899
589,camps,9507912960/4986792881682899
590,heard,9480134664/4986792881682899
591,build,9464159232/4986792881682899
592,women,9447755460/4986792881682899
593,clear,9433396224/4986792881682899
594,today,9400800864/4986792881682899
595,scale,9360540000/4986792881682899
596,weird,9360230880/4986792881682899
597,taken,9354107360/4986792881682899
598,third,9344375040/4986792881682899
599,latin,9315331200/4986792881682899
600,years,9314783478/4986792881682899
601,liver,9265677048/4986792881682899
602,shark,9258795000/4986792881682899
603,funny,9255585016/4986792881682899
604,float,9196548000/4986792881682899
605,perth,9187671402/4986792881682899
606,holly,9183743232/4986792881682899
607,relay,9171018528/4986792881682899
608,shell,9138843000/4986792881682899
609,where,9019010000/4986792881682899
610,armed,9003687264/4986792881682899
611,bytes,8979253920/4986792881682899
612,noted,8933712480/4986792881682899
613,snake,8797950000/4986792881682899
614,lived,8767522368/4986792881682899
615,catch,8747323200/4986792881682899
616,total,8735257440/4986792881682899
617,super,8709273300/4986792881682899
618,prior,8706900312/4986792881682899
619,pulse,8706432000/4986792881682899
620,burke,8703676800/4986792881682899
621,token,8703386848/4986792881682899
622,euros,8690628960/4986792881682899
623,grain,8654434488/4986792881682899
624,rider,8618749146/4986792881682899
625,their,8540182560/4986792881682899
626,clara,8532905472/4986792881682899
627,house,8502648000/4986792881682899
628,worth,8502153660/4986792881682899
629,batch,8434918800/4986792881682899
630,oasis,8410846080/4986792881682899
631,malta,8387043840/4986792881682899
632,maple,8362432000/4986792881682899
633,filme,8362118400/4986792881682899
634,kinds,8330680592/4986792881682899
635,clean,8317618176/4986792881682899
636,locks,8311814784/4986792881682899
637,alike,8302694400/4986792881682899
638,cloth,8297856000/4986792881682899
639,henry,8257948244/4986792881682899
640,pilot,8252506848/4986792881682899
641,towns,8199555520/4986792881682899
642,minor,8184941904/4986792881682899
643,whose,8181250000/4986792881682899
644,shows,8170093750/4986792881682899
645,paths,8168141800/4986792881682899
646,wanna,8157276600/4986792881682899
647,piano,8117787753/4986792881682899
648,handy,8037563440/4986792881682899
649,wider,8034427170/4986792881682899
650,bible,7994505600/4986792881682899
651,round,7993167072/4986792881682899
652,porno,7977282066/4986792881682899
653,jokes,7933880084/4986792881682899
654,milan,7933684992/4986792881682899
655,leave,7928928000/4986792881682899
656,burst,7905839760/4986792881682899
657,crack,7904413440/4986792881682899
658,frank,7892498160/4986792881682899
659,atlas,7883890560/4986792881682899
660,reach,7879619979/4986792881682899
661,alert,7872988032/4986792881682899
662,story,7872921875/4986792881682899
663,wheel,7836132150/4986792881682899
664,rhode,7773250000/4986792881682899
665,texts,7764795584/4986792881682899
666,maker,7752677160/4986792881682899
667,drums,7742214480/4986792881682899
668,sucks,7741078800/4986792881682899
669,blank,7729966080/4986792881682899
670,tribe,7726118400/4986792881682899
671,joint,7719133224/4986792881682899
672,chest,7699585600/4986792881682899
673,final,7655999652/4986792881682899
674,swiss,7651644000/4986792881682899
675,blood,7641216000/4986792881682899
676,sagem,7637679000/4986792881682899
677,ranch,7636056120/4986792881682899
678,voted,7610199520/4986792881682899
679,river,7592707581/4986792881682899
680,ellen,7587348480/4986792881682899
681,haven,7531571260/4986792881682899
682,safer,7516446000/4986792881682899
683,poker,7498098402/4986792881682899
684,fruit,7463257032/4986792881682899
685,spain,7454796300/4986792881682899
686,wound,7451257440/4986792881682899
687,wrist,7422769200/4986792881682899
688,fiber,7418802231/4986792881682899
689,mario,7415750160/4986792881682899
690,korea,7371763074/4986792881682899
691,notre,7361172000/4986792881682899
692,track,7339812480/4986792881682899
693,racks,7320309360/4986792881682899
694,heath,7308984942/4986792881682899
695,katie,7257880000/4986792881682899
696,stops,7245875000/4986792881682899
697,smile,7225680000/4986792881682899
698,wendy,7196423080/4986792881682899
699,drill,7176375360/4986792881682899
700,focus,7165641912/4986792881682899
701,boxed,7146969984/4986792881682899
702,fatal,7131543300/4986792881682899
703,touch,7125614496/4986792881682899
704,stage,7122150000/4986792881682899
705,drugs,7114467360/4986792881682899
706,eagle,7109760000/4986792881682899
707,disks,7107085440/4986792881682899
708,sweet,7105132300/4986792881682899
709,badge,7094304000/4986792881682899
710,motor,7093868880/4986792881682899
711,twins,7080737664/4986792881682899
712,label,7070308560/4986792881682899
713,texas,7051702112/4986792881682899
714,draws,7047888120/4986792881682899
715,trust,7017890880/4986792881682899
716,china,6985661760/4986792881682899
717,theme,6934096000/4986792881682899
718,scene,6874630000/4986792881682899
719,spent,6832169050/4986792881682899
720,rocks,6811070448/4986792881682899
721,level,6782258952/4986792881682899
722,score,6768125000/4986792881682899
723,lucas,6748956864/4986792881682899
724,sport,6726321875/4986792881682899
725,greek,6702583520/4986792881682899
726,clark,6692474880/4986792881682899
727,honor,6651168792/4986792881682899
728,earth,6645693600/4986792881682899
729,mouth,6627319776/4986792881682899
730,devel,6593862870/4986792881682899
731,thank,6590750400/4986792881682899
732,gonna,6485840952/4986792881682899
733,singh,6478907400/4986792881682899
734,great,6476271188/4986792881682899
735,fully,6465147648/4986792881682899
736,sonic,6385974000/4986792881682899
737,spray,6383429325/4986792881682899
738,condo,6377980672/4986792881682899
739,picks,6349842408/4986792881682899
740,guide,6308227200/4986792881682899
741,helps,6289850112/4986792881682899
742,would,6289134720/4986792881682899
743,cedar,6268536288/4986792881682899
744,nancy,6267852360/4986792881682899
745,trout,6265974000/4986792881682899
746,annie,6206928000/4986792881682899
747,yards,6203185560/4986792881682899
748,patch,6169986900/4986792881682899
749,arena,6158882808/4986792881682899
750,steps,6144502000/4986792881682899
751,lamps,6112229760/4986792881682899
752,verse,6065514000/4986792881682899
753,risks,5990257728/4986792881682899
754,blink,5966991360/4986792881682899
755,match,5935683600/4986792881682899
756,floor,5906988000/4986792881682899
757,brick,5883736320/4986792881682899
758,begin,5868658656/4986792881682899
759,marco,5826660840/4986792881682899
760,glory,5799612000/4986792881682899
761,layer,5798401200/4986792881682899
762,fibre,5784269400/4986792881682899
763,tamil,5759601120/4986792881682899
764,costa,5750019072/4986792881682899
765,herbs,5749316118/4986792881682899
766,shock,5726875000/4986792881682899
767,flash,5719170240/4986792881682899
768,spoke,5696250000/4986792881682899
769,truth,5678697024/4986792881682899
770,rouge,5666548800/4986792881682899
771,trick,5665820160/4986792881682899
772,dicks,5626442640/4986792881682899
773,flood,5589408000/4986792881682899
774,cabin,5589198720/4986792881682899
775,simon,5586985950/4986792881682899
776,split,5563185600/4986792881682899
777,probe,5557650000/4986792881682899
778,spend,5515879600/4986792881682899
779,ahead,5504172960/4986792881682899
780,bitch,5464360440/4986792881682899
781,break,5461153920/4986792881682899
782,black,5460618240/4986792881682899
783,alloy,5442398208/4986792881682899
784,delta,5407436160/4986792881682899
785,drink,5398377600/4986792881682899
786,verde,5372312400/4986792881682899
787,samoa,5363835750/4986792881682899
788,named,5349492720/4986792881682899
789,given,5333022602/4986792881682899
790,began,5329700208/4986792881682899
791,prove,5293000000/4986792881682899
792,jenny,5290742716/4986792881682899
793,kenny,5290742716/4986792881682899
794,hoped,5284598176/4986792881682899
795,guard,5277544272/4986792881682899
796,fraud,5256838224/4986792881682899
797,allan,5246152704/4986792881682899
798,scary,5231219175/4986792881682899
799,login,5200384896/4986792881682899
800,tower,5195218080/4986792881682899
801,bacon,5185896480/4986792881682899
802,david,5137316800/4986792881682899
803,think,5087596800/4986792881682899
804,laura,5072427360/4986792881682899
805,smart,5046043275/4986792881682899
806,clubs,5036967936/4986792881682899
807,susan,5026862400/4986792881682899
808,sugar,4988547900/4986792881682899
809,bunch,4983412896/4986792881682899
810,drive,4952640000/4986792881682899
811,fresh,4948531560/4986792881682899
812,teddy,4926955488/4986792881682899
813,gauge,4851528000/4986792881682899
814,brook,4848120000/4986792881682899
815,grill,4818423456/4986792881682899
816,wheat,4807330550/4986792881682899
817,metal,4802507640/4986792881682899
818,yours,4778685912/4986792881682899
819,bucks,4777351488/4986792881682899
820,daddy,4737457200/4986792881682899
821,logan,4722798528/4986792881682899
822,radar,4717393380/4986792881682899
823,busty,4707424512/4986792881682899
824,elvis,4706257920/4986792881682899
825,drove,4690000000/4986792881682899
826,still,4686066000/4986792881682899
827,digit,4679356920/4986792881682899
828,vegas,4678533132/4986792881682899
829,patio,4611909400/4986792881682899
830,mason,4609685760/4986792881682899
831,kings,4568437744/4986792881682899
832,stood,4514125000/4986792881682899
833,liked,4502241216/4986792881682899
834,casio,4483476480/4986792881682899
835,virus,4472296686/4986792881682899
836,sleep,4469808000/4986792881682899
837,limit,4469263344/4986792881682899
838,jerry,4455120033/4986792881682899
839,kerry,4455120033/4986792881682899
840,milfs,4409293824/4986792881682899
841,lodge,4400524800/4986792881682899
842,sudan,4398504600/4986792881682899
843,valid,4379612160/4986792881682899
844,click,4371333120/4986792881682899
845,pasta,4359055680/4986792881682899
846,fluid,4316691456/4986792881682899
847,brief,4315376736/4986792881682899
848,grave,4307832000/4986792881682899
849,curve,4298112000/4986792881682899
850,watch,4295560500/4986792881682899
851,meyer,4284374220/4986792881682899
852,dodge,4278288000/4986792881682899
853,craig,4275569088/4986792881682899
854,glenn,4274795136/4986792881682899
855,being,4253035248/4986792881682899
856,brush,4212220320/4986792881682899
857,zones,4212037024/4986792881682899
858,favor,4189038990/4986792881682899
859,north,4173784524/4986792881682899
860,flows,4165512000/4986792881682899
861,clerk,4148551680/4986792881682899
862,clock,4139520000/4986792881682899
863,wayne,4136550000/4986792881682899
864,guild,4118661888/4986792881682899
865,lanka,4114696320/4986792881682899
866,apart,4101288282/4986792881682899
867,rebel,4055607549/4986792881682899
868,spank,4044663000/4986792881682899
869,jamie,4043676000/4986792881682899
870,allah,4030580736/4986792881682899
871,trunk,4010223360/4986792881682899
872,pitch,3997078470/4986792881682899
873,block,3991680000/4986792881682899
874,scott,3972368750/4986792881682899
875,sheep,3957642500/4986792881682899
876,alive,3953664000/4986792881682899
877,power,3946367580/4986792881682899
878,niger,3944173338/4986792881682899
879,linda,3934944576/4986792881682899
880,error,3907584720/4986792881682899
881,cloud,3902976000/4986792881682899
882,chick,3870451200/4986792881682899
883,proud,3842718000/4986792881682899
884,lewis,3839734080/4986792881682899
885,juice,3833860800/4986792881682899
886,civil,3812173344/4986792881682899
887,ghost,3810231250/4986792881682899
888,ghana,3797603055/4986792881682899
889,cargo,3791511360/4986792881682899
890,elder,3764759040/4986792881682899
891,never,3754464777/4986792881682899
892,welsh,3748852800/4986792881682899
893,cache,3719744000/4986792881682899
894,keeps,3714790352/4986792881682899
895,mixer,3700705848/4986792881682899
896,kelly,3695653248/4986792881682899
897,acids,3667970592/4986792881682899
898,doing,3664048080/4986792881682899
899,punch,3645274248/4986792881682899
900,steal,3640344750/4986792881682899
901,fixed,3639969872/4986792881682899
902,tommy,3629041104/4986792881682899
903,nurse,3626532000/4986792881682899
904,focal,3602093796/4986792881682899
905,lower,3596689440/4986792881682899
906,thick,3593990400/4986792881682899
907,roman,3593637372/4986792881682899
908,funky,3566372208/4986792881682899
909,julie,3548697600/4986792881682899
910,flesh,3545216640/4986792881682899
911,bring,3539793312/4986792881682899
912,gotta,3518891880/4986792881682899
913,manga,3515997120/4986792881682899
914,plays,3506720256/4986792881682899
915,mixed,3501743168/4986792881682899
916,vault,3501175920/4986792881682899
917,congo,3497602304/4986792881682899
918,myers,3469010272/4986792881682899
919,grows,3459176500/4986792881682899
920,sized,3455667600/4986792881682899
921,ratio,3444337400/4986792881682899
922,elect,3416286720/4986792881682899
923,skins,3404200800/4986792881682899
924,aware,3398522400/4986792881682899
925,novel,3380598018/4986792881682899
926,honda,3375219984/4986792881682899
927,craft,3356809344/4986792881682899
928,value,3351744000/4986792881682899
929,woman,3350000940/4986792881682899
930,spell,3332989800/4986792881682899
931,dicke,3329256000/4986792881682899
932,shaft,3327061500/4986792881682899
933,lunch,3322275264/4986792881682899
934,nasty,3300937920/4986792881682899
935,dryer,3284360100/4986792881682899
936,local,3282920928/4986792881682899
937,tyler,3262791168/4986792881682899
938,claim,3243276288/4986792881682899
939,stack,3225915000/4986792881682899
940,types,3211627328/4986792881682899
941,rural,3173819922/4986792881682899
942,grove,3149000000/4986792881682899
943,tough,3146375232/4986792881682899
944,derby,3129014070/4986792881682899
945,smoke,3123750000/4986792881682899
946,guest,3117038120/4986792881682899
947,check,3108089600/4986792881682899
948,buyer,3100884120/4986792881682899
949,panic,3098348400/4986792881682899
950,modem,3086191584/4986792881682899
951,outer,3081742860/4986792881682899
952,photo,3043573750/4986792881682899
953,rapid,3042719680/4986792881682899
954,drama,3026710260/4986792881682899
955,emacs,3026303280/4986792881682899
956,order,3021611292/4986792881682899
957,keith,3017826504/4986792881682899
958,which,2993552100/4986792881682899
959,fewer,2968996170/4986792881682899
960,quiet,2961338160/4986792881682899
961,cohen,2959856256/4986792881682899
962,twice,2959756800/4986792881682899
963,small,2948570100/4986792881682899
964,tulsa,2922716160/4986792881682899
965,wagon,2918962200/4986792881682899
966,latex,2909592000/4986792881682899
967,flour,2909412000/4986792881682899
968,argue,2897294400/4986792881682899
969,metro,2883902840/4986792881682899
970,medal,2881504584/4986792881682899
971,noble,2870510400/4986792881682899
972,mpegs,2869966112/4986792881682899
973,audit,2869527024/4986792881682899
974,chief,2838749760/4986792881682899
975,venue,2835016800/4986792881682899
976,truck,2832910080/4986792881682899
977,study,2832175500/4986792881682899
978,stays,2832102000/4986792881682899
979,labor,2786004720/4986792881682899
980,opens,2784444676/4986792881682899
981,witch,2782776150/4986792881682899
982,align,2755703808/4986792881682899
983,robin,2739488472/4986792881682899
984,legal,2729846448/4986792881682899
985,drunk,2699188800/4986792881682899
986,realm,2689888824/4986792881682899
987,anger,2676508380/4986792881682899
988,heavy,2675462580/4986792881682899
989,decor,2668488060/4986792881682899
990,anime,2666664000/4986792881682899
991,charm,2666532960/4986792881682899
992,kitty,2656541860/4986792881682899
993,flyer,2655499680/4986792881682899
994,naked,2606163120/4986792881682899
995,buddy,2605895712/4986792881682899
996,pixel,2605887522/4986792881682899
997,steve,2597000000/4986792881682899
998,devil,2574496260/4986792881682899
999,media,2568532176/4986792881682899
1000,shift,2568258000/4986792881682899
1001,reply,2567541704/4986792881682899
1002,cream,2548538496/4986792881682899
1003,armor,2539930068/4986792881682899
1004,ridge,2510709600/4986792881682899
1005,stick,2490180000/4986792881682899
1006,robot,2489607306/4986792881682899
1007,jesse,2488416000/4986792881682899
1008,lemon,2483771472/4986792881682899
1009,going,2460146568/4986792881682899
1010,pussy,2459567040/4986792881682899
1011,sword,2452450000/4986792881682899
1012,smith,2424529800/4986792881682899
1013,pumps,2391003888/4986792881682899
1014,globe,2368800000/4986792881682899
1015,stock,2358125000/4986792881682899
1016,bingo,2348273376/4986792881682899
1017,laugh,2341120320/4986792881682899
1018,adams,2335270392/4986792881682899
1019,sharp,2314698750/4986792881682899
1020,yeast,2310676830/4986792881682899
1021,ralph,2297998080/4986792881682899
1022,dildo,2296936320/4986792881682899
1023,units,2295493200/4986792881682899
1024,devon,2290943060/4986792881682899
1025,agree,2290626000/4986792881682899
1026,enter,2287614000/4986792881682899
1027,cisco,2282117376/4986792881682899
1028,chevy,2280611200/4986792881682899
1029,rocky,2277073848/4986792881682899
1030,sight,2268055650/4986792881682899
1031,doubt,2263088520/4986792881682899
1032,hello,2262325632/4986792881682899
1033,sixth,2253818700/4986792881682899
1034,viral,2248177113/4986792881682899
1035,retro,2238819310/4986792881682899
1036,macro,2236496080/4986792881682899
1037,flush,2207399040/4986792881682899
1038,calif,2181150720/4986792881682899
1039,aside,2170396800/4986792881682899
1040,older,2164736448/4986792881682899
1041,thing,2162228640/4986792881682899
1042,utils,2154952800/4986792881682899
1043,crowd,2146144000/4986792881682899
1044,depot,2139925060/4986792881682899
1045,width,2125029060/4986792881682899
1046,quite,2121504000/4986792881682899
1047,angle,2109744000/4986792881682899
1048,draft,2098005840/4986792881682899
1049,alarm,2097373824/4986792881682899
1050,inner,2084996760/4986792881682899
1051,scope,2082500000/4986792881682899
1052,tumor,2072380752/4986792881682899
1053,radio,2066602440/4986792881682899
1054,sigma,2066548050/4986792881682899
1055,thong,2047565000/4986792881682899
1056,speak,2047178000/4986792881682899
1057,nerve,2034396000/4986792881682899
1058,valve,2031360000/4986792881682899
1059,quote,2009000000/4986792881682899
1060,crown,1999816000/4986792881682899
1061,edges,1995389760/4986792881682899
1062,jesus,1982556576/4986792881682899
1063,shown,1982093750/4986792881682899
1064,begun,1976180976/4986792881682899
1065,serum,1958106150/4986792881682899
1066,dutch,1949131800/4986792881682899
1067,chuck,1935225600/4986792881682899
1068,brown,1928394000/4986792881682899
1069,tahoe,1923168000/4986792881682899
1070,graph,1899753912/4986792881682899
1071,klein,1880809728/4986792881682899
1072,gifts,1855738976/4986792881682899
1073,dozen,1849910160/4986792881682899
1074,smell,1827768600/4986792881682899
1075,angel,1813118580/4986792881682899
1076,promo,1811529250/4986792881682899
1077,lexus,1810160352/4986792881682899
1078,depth,1809105480/4986792881682899
1079,queen,1788987440/4986792881682899
1080,rough,1784962872/4986792881682899
1081,refer,1773881256/4986792881682899
1082,visit,1757146272/4986792881682899
1083,basic,1752710400/4986792881682899
1084,april,1746661644/4986792881682899
1085,asset,1741345632/4986792881682899
1086,along,1734408000/4986792881682899
1087,highs,1728121668/4986792881682899
1088,icons,1722363500/4986792881682899
1089,irish,1716089760/4986792881682899
1090,acute,1715313600/4986792881682899
1091,drawn,1709842680/4986792881682899
1092,wrong,1707076250/4986792881682899
1093,style,1690500000/4986792881682899
1094,samba,1681202250/4986792881682899
1095,renew,1659437304/4986792881682899
1096,saudi,1647030000/4986792881682899
1097,mayor,1633768200/4986792881682899
1098,views,1596173228/4986792881682899
1099,dream,1592836560/4986792881682899
1100,bryan,1584249840/4986792881682899
1101,paxil,1570542120/4986792881682899
1102,bloom,1562976000/4986792881682899
1103,villa,1543630464/4986792881682899
1104,gnome,1521625000/4986792881682899
1105,evans,1511995680/4986792881682899
1106,award,1495349856/4986792881682899
1107,bobby,1480808952/4986792881682899
1108,twist,1466424960/4986792881682899
1109,crazy,1449997920/4986792881682899
1110,micro,1448860504/4986792881682899
1111,syria,1432676700/4986792881682899
1112,disco,1426323360/4986792881682899
1113,yemen,1421578158/4986792881682899
1114,yield,1406550464/4986792881682899
1115,prize,1397352000/4986792881682899
1116,jason,1395036480/4986792881682899
1117,diego,1390819640/4986792881682899
1118,sanyo,1382024000/4986792881682899
1119,comic,1374085440/4986792881682899
1120,italy,1368841320/4986792881682899
1121,amend,1348213152/4986792881682899
1122,tight,1347873072/4986792881682899
1123,vital,1345063230/4986792881682899
1124,scout,1337634375/4986792881682899
1125,video,1336715058/4986792881682899
1126,qatar,1332597000/4986792881682899
1127,tampa,1332152640/4986792881682899
1128,shelf,1305549000/4986792881682899
1129,ended,1298774400/4986792881682899
1130,naval,1288320390/4986792881682899
1131,haiti,1279370400/4986792881682899
1132,asian,1277383536/4986792881682899
1133,mardi,1267999200/4986792881682899
1134,sparc,1266276375/4986792881682899
1135,inter,1258187700/4986792881682899
1136,kinda,1256996184/4986792881682899
1137,storm,1254093750/4986792881682899
1138,stuck,1245090000/4986792881682899
1139,vsnet,1240894804/4986792881682899
1140,theft,1225648320/4986792881682899
1141,angry,1179048780/4986792881682899
1142,forum,1174933188/4986792881682899
1143,karma,1167920910/4986792881682899
1144,olive,1165824000/4986792881682899
1145,apple,1156771200/4986792881682899
1146,joyce,1136982000/4986792881682899
1147,lucia,1121311296/4986792881682899
1148,maybe,1101240000/4986792881682899
1149,kevin,1101020396/4986792881682899
1150,cycle,1096345600/4986792881682899
1151,debut,1094531130/4986792881682899
1152,johns,1088017944/4986792881682899
1153,quilt,1085430720/4986792881682899
1154,magic,1079215200/4986792881682899
1155,lucky,1064774592/4986792881682899
1156,royal,1061909730/4986792881682899
1157,vocal,1048710852/4986792881682899
1158,fifty,1042816432/4986792881682899
1159,steam,1040098500/4986792881682899
1160,fight,1023865122/4986792881682899
1161,items,1020739720/4986792881682899
1162,newer,1014720210/4986792881682899
1163,added,1013044032/4986792881682899
1164,entry,1007734000/4986792881682899
1165,japan,1003766920/4986792881682899
1166,human,1003577172/4986792881682899
1167,cyber,988249248/4986792881682899
1168,lobby,987205968/4986792881682899
1169,might,984984168/4986792881682899
1170,ideas,982117136/4986792881682899
1171,audio,974059632/4986792881682899
1172,youth,959217336/4986792881682899
1173,logic,951289920/4986792881682899
1174,organ,944682312/4986792881682899
1175,sperm,941931900/4986792881682899
1176,emily,933144960/4986792881682899
1177,light,933142896/4986792881682899
1178,skirt,916515600/4986792881682899
1179,civic,907660320/4986792881682899
1180,julia,904917888/4986792881682899
1181,cheap,898116800/4986792881682899
1182,query,893798360/4986792881682899
1183,orbit,888891948/4986792881682899
1184,owner,871907736/4986792881682899
1185,lycos,867432384/4986792881682899
1186,humor,856849734/4986792881682899
1187,intel,852320700/4986792881682899
1188,topic,850624320/4986792881682899
1189,grown,839208500/4986792881682899
1190,amber,835726086/4986792881682899
1191,users,831388740/4986792881682899
1192,owned,825030976/4986792881682899
1193,vista,822151008/4986792881682899
1194,happy,813590960/4986792881682899
1195,relax,811594560/4986792881682899
1196,proof,797919750/4986792881682899
1197,gamma,795540330/4986792881682899
1198,papua,795082860/4986792881682899
1199,kathy,795034100/4986792881682899
1200,annex,794866800/4986792881682899
1201,turbo,775271952/4986792881682899
1202,unity,767428200/4986792881682899
1203,right,764658762/4986792881682899
1204,aruba,738810072/4986792881682899
1205,kodak,735937440/4986792881682899
1206,combo,726302304/4986792881682899
1207,adult,722738016/4986792881682899
1208,email,717912720/4986792881682899
1209,miami,716469480/4986792881682899
1210,amino,705904056/4986792881682899
1211,strip,702292500/4986792881682899
1212,dylan,686595840/4986792881682899
1213,below,671037696/4986792881682899
1214,floyd,667392000/4986792881682899
1215,quest,663199600/4986792881682899
1216,apply,653575728/4986792881682899
1217,setup,650842500/4986792881682899
1218,strap,637796250/4986792881682899
1219,indie,633864000/4986792881682899
1220,nepal,633714354/4986792881682899
1221,enemy,620460400/4986792881682899
1222,upset,610652880/4986792881682899
1223,lloyd,608256000/4986792881682899
1224,swing,599260200/4986792881682899
1225,hobby,589581342/4986792881682899
1226,multi,586306560/4986792881682899
1227,jewel,585555390/4986792881682899
1228,onion,583792440/4986792881682899
1229,fifth,581393232/4986792881682899
1230,actor,578361420/4986792881682899
1231,queue,573672000/4986792881682899
1232,adobe,573300000/4986792881682899
1233,jimmy,558803193/4986792881682899
1234,asked,556485072/4986792881682899
1235,nokia,548690436/4986792881682899
1236,judge,538641600/4986792881682899
1237,again,535920840/4986792881682899
1238,skill,535550400/4986792881682899
1239,puppy,532906192/4986792881682899
1240,mambo,529696440/4986792881682899
1241,screw,524200950/4986792881682899
1242,eight,518412720/4986792881682899
1243,under,514713150/4986792881682899
1244,exams,513246240/4986792881682899
1245,avoid,504504000/4986792881682899
1246,arrow,491599368/4986792881682899
1247,agent,491160540/4986792881682899
1248,rugby,482184108/4986792881682899
1249,msgid,467972736/4986792881682899
1250,ultra,467812800/4986792881682899
1251,eddie,460992000/4986792881682899
1252,toxic,458028480/4986792881682899
1253,admit,454925016/4986792881682899
1254,newly,451914120/4986792881682899
1255,knows,442146250/4986792881682899
1256,music,439729920/4986792881682899
1257,image,434887200/4986792881682899
1258,abuse,432432000/4986792881682899
1259,swift,423007200/4986792881682899
1260,nikon,419944878/4986792881682899
1261,adopt,416598000/4986792881682899
1262,throw,415780560/4986792881682899
1263,apnic,412317360/4986792881682899
1264,linux,410667840/4986792881682899
1265,urban,396062460/4986792881682899
1266,stamp,387528750/4986792881682899
1267,after,382358340/4986792881682899
1268,union,380734200/4986792881682899
1269,ebony,369510000/4986792881682899
1270,uncle,367080000/4986792881682899
1271,cubic,364512960/4986792881682899
1272,remix,363051780/4986792881682899
1273,opera,350757498/4986792881682899
1274,night,349928586/4986792881682899
1275,volvo,349658880/4986792881682899
1276,exact,344448720/4986792881682899
1277,admin,342237168/4986792881682899
1278,diffs,338432640/4986792881682899
1279,howto,333664520/4986792881682899
1280,quick,333379200/4986792881682899
1281,mazda,331630560/4986792881682899
1282,plaza,330700320/4986792881682899
1283,essay,328260480/4986792881682899
1284,epson,327002880/4986792881682899
1285,major,326753640/4986792881682899
1286,knock,309925000/4986792881682899
1287,among,307134750/4986792881682899
1288,ocean,302472908/4986792881682899
1289,event,302252640/4986792881682899
1290,usage,296514000/4986792881682899
1291,allow,288976896/4986792881682899
1292,young,287889492/4986792881682899
1293,upper,282216870/4986792881682899
1294,climb,262563840/4986792881682899
1295,every,261599520/4986792881682899
1296,group,259792500/4986792881682899
1297,knife,255024000/4986792881682899
1298,scoop,249156250/4986792881682899
1299,lying,246552768/4986792881682899
1300,exist,241718400/4986792881682899
1301,dying,239704080/4986792881682899
1302,above,234000000/4986792881682899
1303,until,226894500/4986792881682899
1304,oxide,225878400/4986792881682899
1305,about,210424500/4986792881682899
1306,scuba,210290850/4986792881682899
1307,delhi,205564800/4986792881682899
1308,vinyl,200356128/4986792881682899
1309,nylon,199366272/4986792881682899
1310,yacht,199105940/4986792881682899
1311,empty,195788320/4986792881682899
1312,edgar,194675040/4986792881682899
1313,alpha,188652672/4986792881682899
1314,ideal,183057336/4986792881682899
1315,intro,181481300/4986792881682899
1316,squad,180919200/4986792881682899
1317,kenya,175255584/4986792881682899
1318,lyric,173365920/4986792881682899
1319,debug,170706690/4986792881682899
1320,ivory,169669500/4986792881682899
1321,ought,164048052/4986792881682899
1322,india,161635320/4986792881682899
1323,cliff,153280512/4986792881682899
1324,proxy,149527250/4986792881682899
1325,excel,144214560/4986792881682899
1326,dubai,137932200/4986792881682899
1327,ozone,125350000/4986792881682899
1328,tokyo,125167744/4986792881682899
1329,oscar,122979666/4986792881682899
1330,album,120092544/4986792881682899
1331,issue,118483200/4986792881682899
1332,czech,115182144/4986792881682899
1333,staff,113116500/4986792881682899
1334,other,112746690/4986792881682899
1335,thumb,107936400/4986792881682899
1336,known,107266250/4986792881682899
1337,lopez,100552608/4986792881682899
1338,often,99411060/4986792881682899
1339,aging,95392440/4986792881682899
1340,usual,94365810/4986792881682899
1341,yukon,94156172/4986792881682899
1342,zdnet,88862032/4986792881682899
1343,isaac,85378590/4986792881682899
1344,essex,81926400/4986792881682899
1345,index,81173400/4986792881682899
1346,twiki,80720640/4986792881682899
1347,ebook,80400000/4986792881682899
1348,extra,77968800/4986792881682899
1349,input,72011940/4986792881682899
1350,omega,71867364/4986792881682899
1351,xanax,71235600/4986792881682899
1352,jacob,67341700/4986792881682899
1353,omaha,64788309/4986792881682899
1354,using,62371980/4986792881682899
1355,skype,58800000/4986792881682899
1356,islam,57518208/4986792881682899
1357,endif,51861600/4986792881682899
1358,ascii,49380240/4986792881682899
1359,hindu,46079144/4986792881682899
1360,occur,45599202/4986792881682899
1361,stuff,43659000/4986792881682899
1362,xhtml,41608350/4986792881682899
1363,xerox,37862370/4986792881682899
1364,yahoo,37631220/4986792881682899
1365,idaho,37025604/4986792881682899
1366,enjoy,31798200/4986792881682899
1367,equal,29604960/4986792881682899
1368,tvcom,28596672/4986792881682899
1369,sbjct,26437950/4986792881682899
1370,rehab,25362330/4986792881682899
1371,fuzzy,21960420/4986792881682899
1372,phpbb,18331950/4986792881682899
1373,awful,18162144/4986792881682899
1374,pizza,18009630/4986792881682899
1375,inbox,13929300/4986792881682899
1376,offer,12885336/4986792881682899
1377,iraqi,10082160/4986792881682899
1378,egypt,9156000/4986792881682899
1379,mysql,6435072/4986792881682899
